{
  "Total" : {
    "transaction" : "Total",
    "sampleCount" : 9,
    "errorCount" : 0,
    "errorPct" : 0.0,
    "meanResTime" : 944744.0,
    "medianResTime" : 943826.0,
    "minResTime" : 929989.0,
    "maxResTime" : 951198.0,
    "pct1ResTime" : 951198.0,
    "pct2ResTime" : 951198.0,
    "pct3ResTime" : 951198.0,
    "throughput" : 0.009450128521747895,
    "receivedKBytesPerSec" : 0.013391783690758193,
    "sentKBytesPerSec" : 0.0
  },
  "OS Process Sampler" : {
    "transaction" : "OS Process Sampler",
    "sampleCount" : 9,
    "errorCount" : 0,
    "errorPct" : 0.0,
    "meanResTime" : 944744.0,
    "medianResTime" : 943826.0,
    "minResTime" : 929989.0,
    "maxResTime" : 951198.0,
    "pct1ResTime" : 951198.0,
    "pct2ResTime" : 951198.0,
    "pct3ResTime" : 951198.0,
    "throughput" : 0.009450128521747895,
    "receivedKBytesPerSec" : 0.013391783690758193,
    "sentKBytesPerSec" : 0.0
  }
}