{
  "Total" : {
    "transaction" : "Total",
    "sampleCount" : 8,
    "errorCount" : 0,
    "errorPct" : 0.0,
    "meanResTime" : 652455.125,
    "medianResTime" : 651434.0,
    "minResTime" : 646223.0,
    "maxResTime" : 658881.0,
    "pct1ResTime" : 658881.0,
    "pct2ResTime" : 658881.0,
    "pct3ResTime" : 658881.0,
    "throughput" : 0.011863170194971202,
    "receivedKBytesPerSec" : 0.030312485171037257,
    "sentKBytesPerSec" : 0.0
  },
  "OS Process Sampler" : {
    "transaction" : "OS Process Sampler",
    "sampleCount" : 8,
    "errorCount" : 0,
    "errorPct" : 0.0,
    "meanResTime" : 652455.125,
    "medianResTime" : 651434.0,
    "minResTime" : 646223.0,
    "maxResTime" : 658881.0,
    "pct1ResTime" : 658881.0,
    "pct2ResTime" : 658881.0,
    "pct3ResTime" : 658881.0,
    "throughput" : 0.011863170194971202,
    "receivedKBytesPerSec" : 0.030312485171037257,
    "sentKBytesPerSec" : 0.0
  }
}