{
  "Total" : {
    "transaction" : "Total",
    "sampleCount" : 2,
    "errorCount" : 0,
    "errorPct" : 0.0,
    "meanResTime" : 418382.5,
    "medianResTime" : 418382.5,
    "minResTime" : 417248.0,
    "maxResTime" : 419517.0,
    "pct1ResTime" : 419517.0,
    "pct2ResTime" : 419517.0,
    "pct3ResTime" : 419517.0,
    "throughput" : 0.00473669875780075,
    "receivedKBytesPerSec" : 0.019277531321420537,
    "sentKBytesPerSec" : 0.0
  },
  "OS Process Sampler" : {
    "transaction" : "OS Process Sampler",
    "sampleCount" : 2,
    "errorCount" : 0,
    "errorPct" : 0.0,
    "meanResTime" : 418382.5,
    "medianResTime" : 418382.5,
    "minResTime" : 417248.0,
    "maxResTime" : 419517.0,
    "pct1ResTime" : 419517.0,
    "pct2ResTime" : 419517.0,
    "pct3ResTime" : 419517.0,
    "throughput" : 0.00473669875780075,
    "receivedKBytesPerSec" : 0.019277531321420537,
    "sentKBytesPerSec" : 0.0
  }
}