{
  "Total" : {
    "transaction" : "Total",
    "sampleCount" : 7,
    "errorCount" : 0,
    "errorPct" : 0.0,
    "meanResTime" : 798584.2857142858,
    "medianResTime" : 801215.0,
    "minResTime" : 791677.0,
    "maxResTime" : 802727.0,
    "pct1ResTime" : 802727.0,
    "pct2ResTime" : 802727.0,
    "pct3ResTime" : 802727.0,
    "throughput" : 0.008493712832422685,
    "receivedKBytesPerSec" : 0.020269733776705143,
    "sentKBytesPerSec" : 0.0
  },
  "OS Process Sampler" : {
    "transaction" : "OS Process Sampler",
    "sampleCount" : 7,
    "errorCount" : 0,
    "errorPct" : 0.0,
    "meanResTime" : 798584.2857142858,
    "medianResTime" : 801215.0,
    "minResTime" : 791677.0,
    "maxResTime" : 802727.0,
    "pct1ResTime" : 802727.0,
    "pct2ResTime" : 802727.0,
    "pct3ResTime" : 802727.0,
    "throughput" : 0.008493712832422685,
    "receivedKBytesPerSec" : 0.020269733776705143,
    "sentKBytesPerSec" : 0.0
  }
}