{
  "Total" : {
    "transaction" : "Total",
    "sampleCount" : 10,
    "errorCount" : 0,
    "errorPct" : 0.0,
    "meanResTime" : 893180.5,
    "medianResTime" : 895567.0,
    "minResTime" : 878329.0,
    "maxResTime" : 903828.0,
    "pct1ResTime" : 903503.6,
    "pct2ResTime" : 903828.0,
    "pct3ResTime" : 903828.0,
    "throughput" : 0.01089017368738014,
    "receivedKBytesPerSec" : 0.01780181810088439,
    "sentKBytesPerSec" : 0.0
  },
  "OS Process Sampler" : {
    "transaction" : "OS Process Sampler",
    "sampleCount" : 10,
    "errorCount" : 0,
    "errorPct" : 0.0,
    "meanResTime" : 893180.5,
    "medianResTime" : 895567.0,
    "minResTime" : 878329.0,
    "maxResTime" : 903828.0,
    "pct1ResTime" : 903503.6,
    "pct2ResTime" : 903828.0,
    "pct3ResTime" : 903828.0,
    "throughput" : 0.01089017368738014,
    "receivedKBytesPerSec" : 0.01780181810088439,
    "sentKBytesPerSec" : 0.0
  }
}