{
  "Total" : {
    "transaction" : "Total",
    "sampleCount" : 10,
    "errorCount" : 0,
    "errorPct" : 0.0,
    "meanResTime" : 500408.39999999997,
    "medianResTime" : 553955.5,
    "minResTime" : 14639.0,
    "maxResTime" : 563250.0,
    "pct1ResTime" : 562765.4,
    "pct2ResTime" : 563250.0,
    "pct3ResTime" : 563250.0,
    "throughput" : 0.017225876021925095,
    "receivedKBytesPerSec" : 0.041476679609041514,
    "sentKBytesPerSec" : 0.0
  },
  "OS Process Sampler" : {
    "transaction" : "OS Process Sampler",
    "sampleCount" : 10,
    "errorCount" : 0,
    "errorPct" : 0.0,
    "meanResTime" : 500408.39999999997,
    "medianResTime" : 553955.5,
    "minResTime" : 14639.0,
    "maxResTime" : 563250.0,
    "pct1ResTime" : 562765.4,
    "pct2ResTime" : 563250.0,
    "pct3ResTime" : 563250.0,
    "throughput" : 0.017225876021925095,
    "receivedKBytesPerSec" : 0.041476679609041514,
    "sentKBytesPerSec" : 0.0
  }
}