{
  "Total" : {
    "transaction" : "Total",
    "sampleCount" : 10,
    "errorCount" : 0,
    "errorPct" : 0.0,
    "meanResTime" : 549978.8999999999,
    "medianResTime" : 609655.5,
    "minResTime" : 3737.0,
    "maxResTime" : 621417.0,
    "pct1ResTime" : 620743.4,
    "pct2ResTime" : 621417.0,
    "pct3ResTime" : 621417.0,
    "throughput" : 0.01575013978249057,
    "receivedKBytesPerSec" : 0.03853247088192908,
    "sentKBytesPerSec" : 0.0
  },
  "OS Process Sampler" : {
    "transaction" : "OS Process Sampler",
    "sampleCount" : 10,
    "errorCount" : 0,
    "errorPct" : 0.0,
    "meanResTime" : 549978.8999999999,
    "medianResTime" : 609655.5,
    "minResTime" : 3737.0,
    "maxResTime" : 621417.0,
    "pct1ResTime" : 620743.4,
    "pct2ResTime" : 621417.0,
    "pct3ResTime" : 621417.0,
    "throughput" : 0.01575013978249057,
    "receivedKBytesPerSec" : 0.03853247088192908,
    "sentKBytesPerSec" : 0.0
  }
}