{
  "Total" : {
    "transaction" : "Total",
    "sampleCount" : 1,
    "errorCount" : 0,
    "errorPct" : 0.0,
    "meanResTime" : 573945.0,
    "medianResTime" : 573945.0,
    "minResTime" : 573945.0,
    "maxResTime" : 573945.0,
    "pct1ResTime" : 573945.0,
    "pct2ResTime" : 573945.0,
    "pct3ResTime" : 573945.0,
    "throughput" : 0.0017423272264764046,
    "receivedKBytesPerSec" : 0.004445997112092622,
    "sentKBytesPerSec" : 0.0
  },
  "OS Process Sampler" : {
    "transaction" : "OS Process Sampler",
    "sampleCount" : 1,
    "errorCount" : 0,
    "errorPct" : 0.0,
    "meanResTime" : 573945.0,
    "medianResTime" : 573945.0,
    "minResTime" : 573945.0,
    "maxResTime" : 573945.0,
    "pct1ResTime" : 573945.0,
    "pct2ResTime" : 573945.0,
    "pct3ResTime" : 573945.0,
    "throughput" : 0.0017423272264764046,
    "receivedKBytesPerSec" : 0.004445997112092622,
    "sentKBytesPerSec" : 0.0
  }
}