{
  "Total" : {
    "transaction" : "Total",
    "sampleCount" : 10,
    "errorCount" : 0,
    "errorPct" : 0.0,
    "meanResTime" : 732016.1000000001,
    "medianResTime" : 814506.5,
    "minResTime" : 7183.0,
    "maxResTime" : 817382.0,
    "pct1ResTime" : 817307.4,
    "pct2ResTime" : 817382.0,
    "pct3ResTime" : 817382.0,
    "throughput" : 0.01195430109776347,
    "receivedKBytesPerSec" : 0.024572859746760087,
    "sentKBytesPerSec" : 0.0
  },
  "OS Process Sampler" : {
    "transaction" : "OS Process Sampler",
    "sampleCount" : 10,
    "errorCount" : 0,
    "errorPct" : 0.0,
    "meanResTime" : 732016.1000000001,
    "medianResTime" : 814506.5,
    "minResTime" : 7183.0,
    "maxResTime" : 817382.0,
    "pct1ResTime" : 817307.4,
    "pct2ResTime" : 817382.0,
    "pct3ResTime" : 817382.0,
    "throughput" : 0.01195430109776347,
    "receivedKBytesPerSec" : 0.024572859746760087,
    "sentKBytesPerSec" : 0.0
  }
}