{
  "Total" : {
    "transaction" : "Total",
    "sampleCount" : 8,
    "errorCount" : 0,
    "errorPct" : 0.0,
    "meanResTime" : 815858.0,
    "medianResTime" : 818696.0,
    "minResTime" : 795081.0,
    "maxResTime" : 829976.0,
    "pct1ResTime" : 829976.0,
    "pct2ResTime" : 829976.0,
    "pct3ResTime" : 829976.0,
    "throughput" : 0.00953293390340278,
    "receivedKBytesPerSec" : 0.024006887991601486,
    "sentKBytesPerSec" : 0.0
  },
  "OS Process Sampler" : {
    "transaction" : "OS Process Sampler",
    "sampleCount" : 8,
    "errorCount" : 0,
    "errorPct" : 0.0,
    "meanResTime" : 815858.0,
    "medianResTime" : 818696.0,
    "minResTime" : 795081.0,
    "maxResTime" : 829976.0,
    "pct1ResTime" : 829976.0,
    "pct2ResTime" : 829976.0,
    "pct3ResTime" : 829976.0,
    "throughput" : 0.00953293390340278,
    "receivedKBytesPerSec" : 0.024006887991601486,
    "sentKBytesPerSec" : 0.0
  }
}