{
  "Total" : {
    "transaction" : "Total",
    "sampleCount" : 9,
    "errorCount" : 0,
    "errorPct" : 0.0,
    "meanResTime" : 565000.0,
    "medianResTime" : 566326.0,
    "minResTime" : 551135.0,
    "maxResTime" : 575485.0,
    "pct1ResTime" : 575485.0,
    "pct2ResTime" : 575485.0,
    "pct3ResTime" : 575485.0,
    "throughput" : 0.015226725949386363,
    "receivedKBytesPerSec" : 0.03897387569662271,
    "sentKBytesPerSec" : 0.0
  },
  "OS Process Sampler" : {
    "transaction" : "OS Process Sampler",
    "sampleCount" : 9,
    "errorCount" : 0,
    "errorPct" : 0.0,
    "meanResTime" : 565000.0,
    "medianResTime" : 566326.0,
    "minResTime" : 551135.0,
    "maxResTime" : 575485.0,
    "pct1ResTime" : 575485.0,
    "pct2ResTime" : 575485.0,
    "pct3ResTime" : 575485.0,
    "throughput" : 0.015226725949386363,
    "receivedKBytesPerSec" : 0.03897387569662271,
    "sentKBytesPerSec" : 0.0
  }
}