{
  "Total" : {
    "transaction" : "Total",
    "sampleCount" : 9,
    "errorCount" : 0,
    "errorPct" : 0.0,
    "meanResTime" : 1008013.3333333334,
    "medianResTime" : 1009009.0,
    "minResTime" : 991675.0,
    "maxResTime" : 1022738.0,
    "pct1ResTime" : 1022738.0,
    "pct2ResTime" : 1022738.0,
    "pct3ResTime" : 1022738.0,
    "throughput" : 0.008676471722414604,
    "receivedKBytesPerSec" : 0.019955131795605464,
    "sentKBytesPerSec" : 0.0
  },
  "OS Process Sampler" : {
    "transaction" : "OS Process Sampler",
    "sampleCount" : 9,
    "errorCount" : 0,
    "errorPct" : 0.0,
    "meanResTime" : 1008013.3333333334,
    "medianResTime" : 1009009.0,
    "minResTime" : 991675.0,
    "maxResTime" : 1022738.0,
    "pct1ResTime" : 1022738.0,
    "pct2ResTime" : 1022738.0,
    "pct3ResTime" : 1022738.0,
    "throughput" : 0.008676471722414604,
    "receivedKBytesPerSec" : 0.019955131795605464,
    "sentKBytesPerSec" : 0.0
  }
}