{
  "Total" : {
    "transaction" : "Total",
    "sampleCount" : 7,
    "errorCount" : 0,
    "errorPct" : 0.0,
    "meanResTime" : 652462.4285714286,
    "medianResTime" : 653355.0,
    "minResTime" : 644466.0,
    "maxResTime" : 658388.0,
    "pct1ResTime" : 658388.0,
    "pct2ResTime" : 658388.0,
    "pct3ResTime" : 658388.0,
    "throughput" : 0.010414977332545764,
    "receivedKBytesPerSec" : 0.02665931976807333,
    "sentKBytesPerSec" : 0.0
  },
  "OS Process Sampler" : {
    "transaction" : "OS Process Sampler",
    "sampleCount" : 7,
    "errorCount" : 0,
    "errorPct" : 0.0,
    "meanResTime" : 652462.4285714286,
    "medianResTime" : 653355.0,
    "minResTime" : 644466.0,
    "maxResTime" : 658388.0,
    "pct1ResTime" : 658388.0,
    "pct2ResTime" : 658388.0,
    "pct3ResTime" : 658388.0,
    "throughput" : 0.010414977332545764,
    "receivedKBytesPerSec" : 0.02665931976807333,
    "sentKBytesPerSec" : 0.0
  }
}