{
  "Total" : {
    "transaction" : "Total",
    "sampleCount" : 7,
    "errorCount" : 0,
    "errorPct" : 0.0,
    "meanResTime" : 618165.2857142857,
    "medianResTime" : 617649.0,
    "minResTime" : 607394.0,
    "maxResTime" : 629257.0,
    "pct1ResTime" : 629257.0,
    "pct2ResTime" : 629257.0,
    "pct3ResTime" : 629257.0,
    "throughput" : 0.010877334742207166,
    "receivedKBytesPerSec" : 0.027856477938434286,
    "sentKBytesPerSec" : 0.0
  },
  "OS Process Sampler" : {
    "transaction" : "OS Process Sampler",
    "sampleCount" : 7,
    "errorCount" : 0,
    "errorPct" : 0.0,
    "meanResTime" : 618165.2857142857,
    "medianResTime" : 617649.0,
    "minResTime" : 607394.0,
    "maxResTime" : 629257.0,
    "pct1ResTime" : 629257.0,
    "pct2ResTime" : 629257.0,
    "pct3ResTime" : 629257.0,
    "throughput" : 0.010877334742207166,
    "receivedKBytesPerSec" : 0.027856477938434286,
    "sentKBytesPerSec" : 0.0
  }
}