{
  "Total" : {
    "transaction" : "Total",
    "sampleCount" : 4,
    "errorCount" : 0,
    "errorPct" : 0.0,
    "meanResTime" : 466909.0,
    "medianResTime" : 466800.0,
    "minResTime" : 463858.0,
    "maxResTime" : 470178.0,
    "pct1ResTime" : 470178.0,
    "pct2ResTime" : 470178.0,
    "pct3ResTime" : 470178.0,
    "throughput" : 0.00841379020214131,
    "receivedKBytesPerSec" : 0.02165482820092131,
    "sentKBytesPerSec" : 0.0
  },
  "OS Process Sampler" : {
    "transaction" : "OS Process Sampler",
    "sampleCount" : 4,
    "errorCount" : 0,
    "errorPct" : 0.0,
    "meanResTime" : 466909.0,
    "medianResTime" : 466800.0,
    "minResTime" : 463858.0,
    "maxResTime" : 470178.0,
    "pct1ResTime" : 470178.0,
    "pct2ResTime" : 470178.0,
    "pct3ResTime" : 470178.0,
    "throughput" : 0.00841379020214131,
    "receivedKBytesPerSec" : 0.02165482820092131,
    "sentKBytesPerSec" : 0.0
  }
}