{
  "Total" : {
    "transaction" : "Total",
    "sampleCount" : 5,
    "errorCount" : 0,
    "errorPct" : 0.0,
    "meanResTime" : 389759.2,
    "medianResTime" : 390334.0,
    "minResTime" : 379670.0,
    "maxResTime" : 400492.0,
    "pct1ResTime" : 400492.0,
    "pct2ResTime" : 400492.0,
    "pct3ResTime" : 400492.0,
    "throughput" : 0.012465812509193538,
    "receivedKBytesPerSec" : 0.031785387169437816,
    "sentKBytesPerSec" : 0.0
  },
  "OS Process Sampler" : {
    "transaction" : "OS Process Sampler",
    "sampleCount" : 5,
    "errorCount" : 0,
    "errorPct" : 0.0,
    "meanResTime" : 389759.2,
    "medianResTime" : 390334.0,
    "minResTime" : 379670.0,
    "maxResTime" : 400492.0,
    "pct1ResTime" : 400492.0,
    "pct2ResTime" : 400492.0,
    "pct3ResTime" : 400492.0,
    "throughput" : 0.012465812509193538,
    "receivedKBytesPerSec" : 0.031785387169437816,
    "sentKBytesPerSec" : 0.0
  }
}