{
  "Total" : {
    "transaction" : "Total",
    "sampleCount" : 6,
    "errorCount" : 0,
    "errorPct" : 0.0,
    "meanResTime" : 658806.5,
    "medianResTime" : 660733.0,
    "minResTime" : 643120.0,
    "maxResTime" : 673277.0,
    "pct1ResTime" : 673277.0,
    "pct2ResTime" : 673277.0,
    "pct3ResTime" : 673277.0,
    "throughput" : 0.00873871249635887,
    "receivedKBytesPerSec" : 0.02227774313646956,
    "sentKBytesPerSec" : 0.0
  },
  "OS Process Sampler" : {
    "transaction" : "OS Process Sampler",
    "sampleCount" : 6,
    "errorCount" : 0,
    "errorPct" : 0.0,
    "meanResTime" : 658806.5,
    "medianResTime" : 660733.0,
    "minResTime" : 643120.0,
    "maxResTime" : 673277.0,
    "pct1ResTime" : 673277.0,
    "pct2ResTime" : 673277.0,
    "pct3ResTime" : 673277.0,
    "throughput" : 0.00873871249635887,
    "receivedKBytesPerSec" : 0.02227774313646956,
    "sentKBytesPerSec" : 0.0
  }
}