{
  "Total" : {
    "transaction" : "Total",
    "sampleCount" : 6,
    "errorCount" : 0,
    "errorPct" : 0.0,
    "meanResTime" : 655185.1666666666,
    "medianResTime" : 655908.0,
    "minResTime" : 628161.0,
    "maxResTime" : 669335.0,
    "pct1ResTime" : 669335.0,
    "pct2ResTime" : 669335.0,
    "pct3ResTime" : 669335.0,
    "throughput" : 0.008875818424423884,
    "receivedKBytesPerSec" : 0.022640271215424987,
    "sentKBytesPerSec" : 0.0
  },
  "OS Process Sampler" : {
    "transaction" : "OS Process Sampler",
    "sampleCount" : 6,
    "errorCount" : 0,
    "errorPct" : 0.0,
    "meanResTime" : 655185.1666666666,
    "medianResTime" : 655908.0,
    "minResTime" : 628161.0,
    "maxResTime" : 669335.0,
    "pct1ResTime" : 669335.0,
    "pct2ResTime" : 669335.0,
    "pct3ResTime" : 669335.0,
    "throughput" : 0.008875818424423884,
    "receivedKBytesPerSec" : 0.022640271215424987,
    "sentKBytesPerSec" : 0.0
  }
}