{
  "Total" : {
    "transaction" : "Total",
    "sampleCount" : 6,
    "errorCount" : 0,
    "errorPct" : 0.0,
    "meanResTime" : 660720.0,
    "medianResTime" : 662375.5,
    "minResTime" : 654348.0,
    "maxResTime" : 664740.0,
    "pct1ResTime" : 664740.0,
    "pct2ResTime" : 664740.0,
    "pct3ResTime" : 664740.0,
    "throughput" : 0.008901813002581525,
    "receivedKBytesPerSec" : 0.02283697534939616,
    "sentKBytesPerSec" : 0.0
  },
  "OS Process Sampler" : {
    "transaction" : "OS Process Sampler",
    "sampleCount" : 6,
    "errorCount" : 0,
    "errorPct" : 0.0,
    "meanResTime" : 660720.0,
    "medianResTime" : 662375.5,
    "minResTime" : 654348.0,
    "maxResTime" : 664740.0,
    "pct1ResTime" : 664740.0,
    "pct2ResTime" : 664740.0,
    "pct3ResTime" : 664740.0,
    "throughput" : 0.008901813002581525,
    "receivedKBytesPerSec" : 0.02283697534939616,
    "sentKBytesPerSec" : 0.0
  }
}