{
  "Total" : {
    "transaction" : "Total",
    "sampleCount" : 7,
    "errorCount" : 0,
    "errorPct" : 0.0,
    "meanResTime" : 735080.0,
    "medianResTime" : 727146.0,
    "minResTime" : 718711.0,
    "maxResTime" : 761775.0,
    "pct1ResTime" : 761775.0,
    "pct2ResTime" : 761775.0,
    "pct3ResTime" : 761775.0,
    "throughput" : 0.009061735011566657,
    "receivedKBytesPerSec" : 0.022972914150417034,
    "sentKBytesPerSec" : 0.0
  },
  "OS Process Sampler" : {
    "transaction" : "OS Process Sampler",
    "sampleCount" : 7,
    "errorCount" : 0,
    "errorPct" : 0.0,
    "meanResTime" : 735080.0,
    "medianResTime" : 727146.0,
    "minResTime" : 718711.0,
    "maxResTime" : 761775.0,
    "pct1ResTime" : 761775.0,
    "pct2ResTime" : 761775.0,
    "pct3ResTime" : 761775.0,
    "throughput" : 0.009061735011566657,
    "receivedKBytesPerSec" : 0.022972914150417034,
    "sentKBytesPerSec" : 0.0
  }
}