{
  "Total" : {
    "transaction" : "Total",
    "sampleCount" : 1,
    "errorCount" : 0,
    "errorPct" : 0.0,
    "meanResTime" : 389396.0,
    "medianResTime" : 389396.0,
    "minResTime" : 389396.0,
    "maxResTime" : 389396.0,
    "pct1ResTime" : 389396.0,
    "pct2ResTime" : 389396.0,
    "pct3ResTime" : 389396.0,
    "throughput" : 0.002568079795375402,
    "receivedKBytesPerSec" : 0.01043282416871257,
    "sentKBytesPerSec" : 0.0
  },
  "OS Process Sampler" : {
    "transaction" : "OS Process Sampler",
    "sampleCount" : 1,
    "errorCount" : 0,
    "errorPct" : 0.0,
    "meanResTime" : 389396.0,
    "medianResTime" : 389396.0,
    "minResTime" : 389396.0,
    "maxResTime" : 389396.0,
    "pct1ResTime" : 389396.0,
    "pct2ResTime" : 389396.0,
    "pct3ResTime" : 389396.0,
    "throughput" : 0.002568079795375402,
    "receivedKBytesPerSec" : 0.01043282416871257,
    "sentKBytesPerSec" : 0.0
  }
}