{
  "Total" : {
    "transaction" : "Total",
    "sampleCount" : 3,
    "errorCount" : 0,
    "errorPct" : 0.0,
    "meanResTime" : 603257.0,
    "medianResTime" : 603205.0,
    "minResTime" : 602851.0,
    "maxResTime" : 603715.0,
    "pct1ResTime" : 603715.0,
    "pct2ResTime" : 603715.0,
    "pct3ResTime" : 603715.0,
    "throughput" : 0.0048881589238229314,
    "receivedKBytesPerSec" : 0.012557731193623235,
    "sentKBytesPerSec" : 0.0
  },
  "OS Process Sampler" : {
    "transaction" : "OS Process Sampler",
    "sampleCount" : 3,
    "errorCount" : 0,
    "errorPct" : 0.0,
    "meanResTime" : 603257.0,
    "medianResTime" : 603205.0,
    "minResTime" : 602851.0,
    "maxResTime" : 603715.0,
    "pct1ResTime" : 603715.0,
    "pct2ResTime" : 603715.0,
    "pct3ResTime" : 603715.0,
    "throughput" : 0.0048881589238229314,
    "receivedKBytesPerSec" : 0.012557731193623235,
    "sentKBytesPerSec" : 0.0
  }
}