{
  "Total" : {
    "transaction" : "Total",
    "sampleCount" : 1,
    "errorCount" : 0,
    "errorPct" : 0.0,
    "meanResTime" : 400147.0,
    "medianResTime" : 400147.0,
    "minResTime" : 400147.0,
    "maxResTime" : 400147.0,
    "pct1ResTime" : 400147.0,
    "pct2ResTime" : 400147.0,
    "pct3ResTime" : 400147.0,
    "throughput" : 0.0024990815875165877,
    "receivedKBytesPerSec" : 0.020402658273084642,
    "sentKBytesPerSec" : 0.0
  },
  "OS Process Sampler" : {
    "transaction" : "OS Process Sampler",
    "sampleCount" : 1,
    "errorCount" : 0,
    "errorPct" : 0.0,
    "meanResTime" : 400147.0,
    "medianResTime" : 400147.0,
    "minResTime" : 400147.0,
    "maxResTime" : 400147.0,
    "pct1ResTime" : 400147.0,
    "pct2ResTime" : 400147.0,
    "pct3ResTime" : 400147.0,
    "throughput" : 0.0024990815875165877,
    "receivedKBytesPerSec" : 0.020402658273084642,
    "sentKBytesPerSec" : 0.0
  }
}