{
  "Total" : {
    "transaction" : "Total",
    "sampleCount" : 1,
    "errorCount" : 0,
    "errorPct" : 0.0,
    "meanResTime" : 427291.0,
    "medianResTime" : 427291.0,
    "minResTime" : 427291.0,
    "maxResTime" : 427291.0,
    "pct1ResTime" : 427291.0,
    "pct2ResTime" : 427291.0,
    "pct3ResTime" : 427291.0,
    "throughput" : 0.002340325445656473,
    "receivedKBytesPerSec" : 0.023855778322033463,
    "sentKBytesPerSec" : 0.0
  },
  "OS Process Sampler" : {
    "transaction" : "OS Process Sampler",
    "sampleCount" : 1,
    "errorCount" : 0,
    "errorPct" : 0.0,
    "meanResTime" : 427291.0,
    "medianResTime" : 427291.0,
    "minResTime" : 427291.0,
    "maxResTime" : 427291.0,
    "pct1ResTime" : 427291.0,
    "pct2ResTime" : 427291.0,
    "pct3ResTime" : 427291.0,
    "throughput" : 0.002340325445656473,
    "receivedKBytesPerSec" : 0.023855778322033463,
    "sentKBytesPerSec" : 0.0
  }
}