{
  "Total" : {
    "transaction" : "Total",
    "sampleCount" : 5,
    "errorCount" : 0,
    "errorPct" : 0.0,
    "meanResTime" : 550278.4,
    "medianResTime" : 547320.0,
    "minResTime" : 542821.0,
    "maxResTime" : 563563.0,
    "pct1ResTime" : 563563.0,
    "pct2ResTime" : 563563.0,
    "pct3ResTime" : 563563.0,
    "throughput" : 0.00880961022760509,
    "receivedKBytesPerSec" : 0.022552258057269514,
    "sentKBytesPerSec" : 0.0
  },
  "OS Process Sampler" : {
    "transaction" : "OS Process Sampler",
    "sampleCount" : 5,
    "errorCount" : 0,
    "errorPct" : 0.0,
    "meanResTime" : 550278.4,
    "medianResTime" : 547320.0,
    "minResTime" : 542821.0,
    "maxResTime" : 563563.0,
    "pct1ResTime" : 563563.0,
    "pct2ResTime" : 563563.0,
    "pct3ResTime" : 563563.0,
    "throughput" : 0.00880961022760509,
    "receivedKBytesPerSec" : 0.022552258057269514,
    "sentKBytesPerSec" : 0.0
  }
}