{
  "Total" : {
    "transaction" : "Total",
    "sampleCount" : 1,
    "errorCount" : 0,
    "errorPct" : 0.0,
    "meanResTime" : 25592.0,
    "medianResTime" : 25592.0,
    "minResTime" : 25592.0,
    "maxResTime" : 25592.0,
    "pct1ResTime" : 25592.0,
    "pct2ResTime" : 25592.0,
    "pct3ResTime" : 25592.0,
    "throughput" : 0.03907471084713973,
    "receivedKBytesPerSec" : 0.02629148024773367,
    "sentKBytesPerSec" : 0.0
  },
  "OS Process Sampler" : {
    "transaction" : "OS Process Sampler",
    "sampleCount" : 1,
    "errorCount" : 0,
    "errorPct" : 0.0,
    "meanResTime" : 25592.0,
    "medianResTime" : 25592.0,
    "minResTime" : 25592.0,
    "maxResTime" : 25592.0,
    "pct1ResTime" : 25592.0,
    "pct2ResTime" : 25592.0,
    "pct3ResTime" : 25592.0,
    "throughput" : 0.03907471084713973,
    "receivedKBytesPerSec" : 0.02629148024773367,
    "sentKBytesPerSec" : 0.0
  }
}