{
  "Total" : {
    "transaction" : "Total",
    "sampleCount" : 1,
    "errorCount" : 0,
    "errorPct" : 0.0,
    "meanResTime" : 397683.0,
    "medianResTime" : 397683.0,
    "minResTime" : 397683.0,
    "maxResTime" : 397683.0,
    "pct1ResTime" : 397683.0,
    "pct2ResTime" : 397683.0,
    "pct3ResTime" : 397683.0,
    "throughput" : 0.002514565621361738,
    "receivedKBytesPerSec" : 0.02052170400167973,
    "sentKBytesPerSec" : 0.0
  },
  "OS Process Sampler" : {
    "transaction" : "OS Process Sampler",
    "sampleCount" : 1,
    "errorCount" : 0,
    "errorPct" : 0.0,
    "meanResTime" : 397683.0,
    "medianResTime" : 397683.0,
    "minResTime" : 397683.0,
    "maxResTime" : 397683.0,
    "pct1ResTime" : 397683.0,
    "pct2ResTime" : 397683.0,
    "pct3ResTime" : 397683.0,
    "throughput" : 0.002514565621361738,
    "receivedKBytesPerSec" : 0.02052170400167973,
    "sentKBytesPerSec" : 0.0
  }
}