{
  "Total" : {
    "transaction" : "Total",
    "sampleCount" : 3,
    "errorCount" : 0,
    "errorPct" : 0.0,
    "meanResTime" : 450865.3333333333,
    "medianResTime" : 451148.0,
    "minResTime" : 450080.0,
    "maxResTime" : 451368.0,
    "pct1ResTime" : 451368.0,
    "pct2ResTime" : 451368.0,
    "pct3ResTime" : 451368.0,
    "throughput" : 0.006502923063917231,
    "receivedKBytesPerSec" : 0.016716661274659626,
    "sentKBytesPerSec" : 0.0
  },
  "OS Process Sampler" : {
    "transaction" : "OS Process Sampler",
    "sampleCount" : 3,
    "errorCount" : 0,
    "errorPct" : 0.0,
    "meanResTime" : 450865.3333333333,
    "medianResTime" : 451148.0,
    "minResTime" : 450080.0,
    "maxResTime" : 451368.0,
    "pct1ResTime" : 451368.0,
    "pct2ResTime" : 451368.0,
    "pct3ResTime" : 451368.0,
    "throughput" : 0.006502923063917231,
    "receivedKBytesPerSec" : 0.016716661274659626,
    "sentKBytesPerSec" : 0.0
  }
}