{
  "Total" : {
    "transaction" : "Total",
    "sampleCount" : 9,
    "errorCount" : 0,
    "errorPct" : 0.0,
    "meanResTime" : 926234.4444444444,
    "medianResTime" : 926711.0,
    "minResTime" : 905388.0,
    "maxResTime" : 939287.0,
    "pct1ResTime" : 939287.0,
    "pct2ResTime" : 939287.0,
    "pct3ResTime" : 939287.0,
    "throughput" : 0.009396259036069107,
    "receivedKBytesPerSec" : 0.016302754121825632,
    "sentKBytesPerSec" : 0.0
  },
  "OS Process Sampler" : {
    "transaction" : "OS Process Sampler",
    "sampleCount" : 9,
    "errorCount" : 0,
    "errorPct" : 0.0,
    "meanResTime" : 926234.4444444444,
    "medianResTime" : 926711.0,
    "minResTime" : 905388.0,
    "maxResTime" : 939287.0,
    "pct1ResTime" : 939287.0,
    "pct2ResTime" : 939287.0,
    "pct3ResTime" : 939287.0,
    "throughput" : 0.009396259036069107,
    "receivedKBytesPerSec" : 0.016302754121825632,
    "sentKBytesPerSec" : 0.0
  }
}