{
  "Total" : {
    "transaction" : "Total",
    "sampleCount" : 9,
    "errorCount" : 0,
    "errorPct" : 0.0,
    "meanResTime" : 576743.5555555555,
    "medianResTime" : 577139.0,
    "minResTime" : 567340.0,
    "maxResTime" : 586343.0,
    "pct1ResTime" : 586343.0,
    "pct2ResTime" : 586343.0,
    "pct3ResTime" : 586343.0,
    "throughput" : 0.014770539666284273,
    "receivedKBytesPerSec" : 0.03779341318040901,
    "sentKBytesPerSec" : 0.0
  },
  "OS Process Sampler" : {
    "transaction" : "OS Process Sampler",
    "sampleCount" : 9,
    "errorCount" : 0,
    "errorPct" : 0.0,
    "meanResTime" : 576743.5555555555,
    "medianResTime" : 577139.0,
    "minResTime" : 567340.0,
    "maxResTime" : 586343.0,
    "pct1ResTime" : 586343.0,
    "pct2ResTime" : 586343.0,
    "pct3ResTime" : 586343.0,
    "throughput" : 0.014770539666284273,
    "receivedKBytesPerSec" : 0.03779341318040901,
    "sentKBytesPerSec" : 0.0
  }
}